﻿<ValCurs Date="12.11.2021" Name="AZN məzənnələri" Description="Azərbaycan Respublikası Mərkəzi Bankının 12.11.2021 tarixdən etibarən xarici valyutaların və bank metallarının Azərbaycan manatına qarşı rəsmi məzənnələri bülleteni">
  <ValType Type="Bank metalları">
    <Valute Code="XPD">
      <Nominal>1 t.u.</Nominal>
      <Name>Palladium</Name>
      <Value>3492.276</Value>
    </Valute>
    <Valute Code="XPT">
      <Nominal>1 t.u.</Nominal>
      <Name>Platin</Name>
      <Value>1846.183</Value>
    </Valute>
    <Valute Code="XAG">
      <Nominal>1 t.u.</Nominal>
      <Name>Gümüş</Name>
      <Value>42.7397</Value>
    </Valute>
    <Valute Code="XAU">
      <Nominal>1 t.u.</Nominal>
      <Name>Qızıl</Name>
      <Value>3156.271</Value>
    </Valute>
  </ValType>
  <ValType Type="Xarici valyutalar">
    <Valute Code="USD">
      <Nominal>1</Nominal>
      <Name>1 ABŞ dolları</Name>
      <Value>1.7</Value>
    </Valute>
    <Valute Code="EUR">
      <Nominal>1</Nominal>
      <Name>1 Avro</Name>
      <Value>1.9447</Value>
    </Valute>
    <Valute Code="AUD">
      <Nominal>1</Nominal>
      <Name>1 Avstraliya dolları</Name>
      <Value>1.2387</Value>
    </Valute>
    <Valute Code="ARS">
      <Nominal>1</Nominal>
      <Name>1 Argentina pesosu</Name>
      <Value>0.017</Value>
    </Valute>
    <Valute Code="BYN">
      <Nominal>1</Nominal>
      <Name>1 Belarus rublu</Name>
      <Value>0.6987</Value>
    </Valute>
    <Valute Code="BRL">
      <Nominal>1</Nominal>
      <Name>1 Braziliya realı</Name>
      <Value>0.3145</Value>
    </Valute>
    <Valute Code="AED">
      <Nominal>1</Nominal>
      <Name>1 BƏƏ dirhəmi</Name>
      <Value>0.4628</Value>
    </Valute>
    <Valute Code="ZAR">
      <Nominal>1</Nominal>
      <Name>1 Cənubi Afrika randı</Name>
      <Value>0.1112</Value>
    </Valute>
    <Valute Code="KRW">
      <Nominal>100</Nominal>
      <Name>100 Cənubi Koreya vonu</Name>
      <Value>0.144</Value>
    </Valute>
    <Valute Code="CZK">
      <Nominal>1</Nominal>
      <Name>1 Çexiya kronu</Name>
      <Value>0.077</Value>
    </Valute>
    <Valute Code="CLP">
      <Nominal>100</Nominal>
      <Name>100 Çili pesosu</Name>
      <Value>0.214</Value>
    </Valute>
    <Valute Code="CNY">
      <Nominal>1</Nominal>
      <Name>1 Çin yuanı</Name>
      <Value>0.2658</Value>
    </Valute>
    <Valute Code="DKK">
      <Nominal>1</Nominal>
      <Name>1 Danimarka kronu</Name>
      <Value>0.2615</Value>
    </Valute>
    <Valute Code="GEL">
      <Nominal>1</Nominal>
      <Name>1 Gürcüstan larisi</Name>
      <Value>0.5405</Value>
    </Valute>
    <Valute Code="HKD">
      <Nominal>1</Nominal>
      <Name>1 Honq Konq dolları</Name>
      <Value>0.2182</Value>
    </Valute>
    <Valute Code="INR">
      <Nominal>1</Nominal>
      <Name>1 Hindistan rupisi</Name>
      <Value>0.0229</Value>
    </Valute>
    <Valute Code="GBP">
      <Nominal>1</Nominal>
      <Name>1 İngiltərə funt sterlinqi</Name>
      <Value>2.2718</Value>
    </Valute>
    <Valute Code="IDR">
      <Nominal>100</Nominal>
      <Name>100 İndoneziya rupiası</Name>
      <Value>0.0119</Value>
    </Valute>
    <Valute Code="IRR">
      <Nominal>100</Nominal>
      <Name>100 İran rialı</Name>
      <Value>0.004</Value>
    </Valute>
    <Valute Code="SEK">
      <Nominal>1</Nominal>
      <Name>1 İsveç kronu</Name>
      <Value>0.195</Value>
    </Valute>
    <Valute Code="CHF">
      <Nominal>1</Nominal>
      <Name>1 İsveçrə frankı</Name>
      <Value>1.8427</Value>
    </Valute>
    <Valute Code="ILS">
      <Nominal>1</Nominal>
      <Name>1 İsrail şekeli</Name>
      <Value>0.5456</Value>
    </Valute>
    <Valute Code="CAD">
      <Nominal>1</Nominal>
      <Name>1 Kanada dolları</Name>
      <Value>1.3499</Value>
    </Valute>
    <Valute Code="KWD">
      <Nominal>1</Nominal>
      <Name>1 Küveyt dinarı</Name>
      <Value>5.6258</Value>
    </Valute>
    <Valute Code="KZT">
      <Nominal>1</Nominal>
      <Name>1 Qazaxıstan tengəsi</Name>
      <Value>0.004</Value>
    </Valute>
    <Valute Code="KGS">
      <Nominal>1</Nominal>
      <Name>1 Qırğızıstan somu</Name>
      <Value>0.0201</Value>
    </Valute>
    <Valute Code="LBP">
      <Nominal>100</Nominal>
      <Name>100 Livan funtu</Name>
      <Value>0.1128</Value>
    </Valute>
    <Valute Code="MYR">
      <Nominal>1</Nominal>
      <Name>1 Malayziya rinqqiti</Name>
      <Value>0.4079</Value>
    </Valute>
    <Valute Code="MXN">
      <Nominal>1</Nominal>
      <Name>1 Meksika pesosu</Name>
      <Value>0.0824</Value>
    </Valute>
    <Valute Code="MDL">
      <Nominal>1</Nominal>
      <Name>1 Moldova leyi</Name>
      <Value>0.0967</Value>
    </Valute>
    <Valute Code="EGP">
      <Nominal>1</Nominal>
      <Name>1 Misir funtu</Name>
      <Value>0.1082</Value>
    </Valute>
    <Valute Code="NOK">
      <Nominal>1</Nominal>
      <Name>1 Norveç kronu</Name>
      <Value>0.1957</Value>
    </Valute>
    <Valute Code="UZS">
      <Nominal>100</Nominal>
      <Name>100 Özbəkistan somu</Name>
      <Value>0.0159</Value>
    </Valute>
    <Valute Code="PLN">
      <Nominal>1</Nominal>
      <Name>1 Polşa zlotısı</Name>
      <Value>0.4193</Value>
    </Valute>
    <Valute Code="RUB">
      <Nominal>1</Nominal>
      <Name>1 Rusiya rublu</Name>
      <Value>0.0237</Value>
    </Valute>
    <Valute Code="SGD">
      <Nominal>1</Nominal>
      <Name>1 Sinqapur dolları</Name>
      <Value>1.254</Value>
    </Valute>
    <Valute Code="SAR">
      <Nominal>1</Nominal>
      <Name>1 Səudiyyə Ərəbistanı rialı</Name>
      <Value>0.4533</Value>
    </Valute>
    <Valute Code="SDR">
      <Nominal>1</Nominal>
      <Name>1 SDR (BVF-nin xüsusi borcalma hüquqları)</Name>
      <Value>2.3881</Value>
    </Valute>
    <Valute Code="TRY">
      <Nominal>1</Nominal>
      <Name>1 Türkiyə lirəsi</Name>
      <Value>0.1705</Value>
    </Valute>
    <Valute Code="TWD">
      <Nominal>1</Nominal>
      <Name>1 Tayvan dolları</Name>
      <Value>0.0611</Value>
    </Valute>
    <Valute Code="TJS">
      <Nominal>1</Nominal>
      <Name>1 Tacikistan somonisi</Name>
      <Value>0.1509</Value>
    </Valute>
    <Valute Code="TMT">
      <Nominal>1</Nominal>
      <Name>1 Türkmənistan manatı</Name>
      <Value>0.4857</Value>
    </Valute>
    <Valute Code="UAH">
      <Nominal>1</Nominal>
      <Name>1 Ukrayna qrivnası</Name>
      <Value>0.0652</Value>
    </Valute>
    <Valute Code="JPY">
      <Nominal>100</Nominal>
      <Name>100 Yaponiya yeni</Name>
      <Value>1.4878</Value>
    </Valute>
    <Valute Code="NZD">
      <Nominal>1</Nominal>
      <Name>1 Yeni Zelandiya dolları</Name>
      <Value>1.1905</Value>
    </Valute>
  </ValType>
</ValCurs>